"project"	"R2"	"Adjusted_R2"	"Last_Pageviews"
"ca.wikipedia"	0.01003274885313	-0.0518402043435493	16890000
"commons.wikimedia"	0.63504517329726	0.612235496628339	215616000
"en.wikipedia"	0.805553160184259	0.793400232695776	7308293000
"es.wikipedia"	0.392082014310048	0.354087140204426	1240997000
"fr.wikipedia"	0.256436793929786	0.209964093550398	672442000
"ar.wikipedia"	0.598510525972442	0.57341743384572	121043000
"ar.wikisource"	0.000115816440721851	-0.0623769450317331	1518000
"arz.wikipedia"	0.00387392367425119	-0.0583839560961081	2894000
"bg.wikipedia"	0.238883543623542	0.191313765100014	21836000
"cs.wikipedia"	0.0322663230687067	-0.0282170317394992	59903000
"de.wikipedia"	0.464638441498075	0.431178344091704	923086000
"en.wikiquote"	0.0838583178304692	0.0265994626948735	9944000
"en.wiktionary"	0.375933225800978	0.336929052413539	59880000
"fa.wikipedia"	0.0227676718972314	-0.0383093486091917	59483000
"hi.wikipedia"	0.452936421255532	0.418744947584003	10149000
"hr.wikipedia"	0.191360654453553	0.1408206953569	16752000
"it.wikipedia"	0.707318720968713	0.689026141029258	493922000
"ja.wikipedia"	0.448839480132854	0.414391947641157	1151026000
"lt.wikisource"	0.0794820389165926	0.0219496663488796	28000
"meta.wikimedia"	0.000223047628469948	-0.0622630118947507	7214000
"ml.wikipedia"	0.0302003573187329	-0.0304121203488463	1587000
"ml.wiktionary"	0.0153402175584456	-0.0462010188441515	196000
"no.wikipedia"	0.11686526809503	0.061669347350969	42198000
"pt.wikipedia"	0.549991530350136	0.52186600099702	345858000
"ru.wikipedia"	0.215997239538464	0.166997067009618	1174395000
"simple.wikipedia"	0.0335286807002537	-0.0268757767559804	11585000
"th.wikipedia"	0.598968101522322	0.573903607867467	46875000
"tr.wikipedia"	0.378125608338252	0.339258458859393	118284000
"ur.wikipedia"	0.00854462816694897	-0.0534213325726167	1852000
"zh.wikipedia"	0.00258444602577368	-0.0597540260976155	489790000
"fa.wikisource"	0.0789638508367397	0.021399091514036	475000
"ang.wikipedia"	0.0661712048515228	0.00780690515474303	481000
"bs.wikipedia"	0.0262022984554502	-0.0346600578910841	4289000
"el.wiktionary"	0.00917865733460705	-0.0527476765819799	3296000
"en.wikibooks"	0.561172803570986	0.533746103794173	16748000
"sq.wikipedia"	0.0788598697663835	0.0212886116267824	3608000
"sr.wikipedia"	0.282355528329367	0.237502748849952	18995000
"hy.wikipedia"	0.398247422288026	0.360637886181028	3480000
"hy.wikisource"	0.08686628486343	0.0297954276673943	302000
"hy.wiktionary"	0.0212539769204865	-0.0399176495219831	77000
"ru.wikiquote"	0.13548445229495	0.0814522305633842	2158000
"ru.wikisource"	0.0765087251994243	0.0187905205243883	3337000
"ru.wiktionary"	0.363813081752595	0.324051399362132	16462000
"gu.wikipedia"	0.0990766868244045	0.0427689797509297	763000
"pt.wikibooks"	0.0123595931876088	-0.0493679322381657	1752000
"pt.wikisource"	0.1315418109456	0.0772631741297003	463000
"pt.wiktionary"	0.457416285937432	0.423504803808522	2252000
"vi.wikipedia"	0.0501685631732975	-0.00919590162837136	56395000
"an.wikipedia"	0.0324551956106815	-0.0280163546636509	1497000
"en.wikisource"	0.0594240053816173	0.000638005717968348	5829000
"eo.wikipedia"	1.96338647940132e-06	-0.0624979139018655	2744000
"es.wikibooks"	0.019203421601962	-0.0420963645479153	2677000
"es.wikiquote"	0.000170224252732214	-0.0623191367314722	2102000
"es.wikisource"	0.0408538193131918	-0.0190928169797338	1794000
"es.wikiversity"	0.00251103513409155	-0.0598320251700277	592000
"es.wiktionary"	0.0990480217805865	0.0427385231418731	3e+06
"it.wikiquote"	0.565725753806975	0.53858361341991	3286000
"nl.wikipedia"	0.50692652611892	0.476109434001352	154952000
"pl.wikipedia"	0.260664359084204	0.214455881526967	272036000
"als.wikipedia"	0.591435915765393	0.56590066050073	1454000
"br.wikipedia"	0.0107249234135197	-0.0511047688731352	998000
"de.wikibooks"	0.00336864902862244	-0.0589208104070886	3931000
"de.wikinews"	0.100918086869934	0.0447254672993049	2729000
"de.wikisource"	0.000214661171704648	-0.0622719225050639	1294000
"de.wiktionary"	0.18030129168546	0.129070122415801	8953000
"eu.wikipedia"	0.0014168223421627	-0.0609946262614522	2780000
"fi.wikipedia"	0.462816769205951	0.429242817281323	60639000
"fr.wiktionary"	0.110434539013172	0.0548366977014956	22979000
"hr.wikibooks"	0.252779263394069	0.206077967356199	150000
"hu.wikipedia"	0.341640688790135	0.300493231839518	41307000
"la.wikipedia"	0.0304878962712188	-0.0301066102118299	1753000
"pl.wiktionary"	0.0656669813627626	0.00727116769793523	5688000
"ro.wikipedia"	0.0209193953116878	-0.0402731424813316	27409000
"sk.wikipedia"	0.0162365260168089	-0.0452486911071406	14354000
"sl.wikipedia"	0.0628863504574148	0.00431674736100329	7673000
"da.wikipedia"	0.24419692999003	0.196959238114407	29285000
"el.wikipedia"	0.214548594635139	0.165457881799835	20950000
"en.wikinews"	0.526627680074012	0.497041910078638	1881000
"en.wikiversity"	0.0398774721840108	-0.0201301858044884	1742000
"fa.wikiquote"	0.00907905963865033	-0.052853499133934	194000
"he.wikipedia"	0.545746184266861	0.51735532078354	41123000
"id.wikipedia"	0.169478604753962	0.117571017551085	152842000
"ko.wikipedia"	0.223362921971649	0.174823104594877	78889000
"ko.wikisource"	0.0477746059017039	-0.0117394812294396	263000
"ku.wiktionary"	0.393721986551054	0.355829610710495	292000
"my.wikipedia"	0.197210980710198	0.147036667004585	531000
"sv.wikipedia"	0.0950529654839795	0.0384937758267283	103032000
"zh-yue.wikipedia"	0.0834388024403188	0.0261537275928387	2474000
"zh.wikisource"	0.507964075702342	0.477211830433738	1236000
"az.wikipedia"	0.00436563061543647	-0.0578615174710988	5181000
"az.wikiquote"	0.180011532200369	0.128762252962892	157000
"az.wikisource"	0.00929832618715706	-0.0526205284261456	73000
"nn.wikipedia"	0.0970489646637802	0.0406145249552665	3005000
"ast.wikipedia"	0.0994305353689513	0.0431449438295107	887000
"bs.wikiquote"	0.0505383027053024	-0.00880305337561604	166000
"hr.wikisource"	0.0971229280328533	0.0406931110349066	111000
"lt.wikipedia"	0.0319882945012921	-0.0285124370923771	9687000
"sh.wikipedia"	0.0110302204645689	-0.0507803907563957	6627000
"bn.wikipedia"	0.27353449020053	0.228130395838063	5556000
"bn.wikisource"	0.545288305426446	0.516868824515599	211000
"en.wikivoyage"	0.141471984907382	0.0878139839640939	1907000
"fr.wikibooks"	0.021493570506491	-0.0396630813368535	1709000
"fr.wikiquote"	0.269006131508249	0.223319014727515	674000
"fr.wikisource"	0.0332255406416181	-0.0271978630682808	4226000
"fr.wikiversity"	0.0318608460775356	-0.0286478510426185	963000
"ms.wikipedia"	0.272695117015658	0.227238561829137	8414000
"nl.wikibooks"	0.444460219303514	0.409738983009984	510000
"nl.wiktionary"	0.0987019957682582	0.0423708705037744	1674000
"oc.wikipedia"	0.00522556814344353	-0.0569478338475913	1186000
"species.wikimedia"	0.0641209113316998	0.00562846828993091	2144000
"wa.wikipedia"	0.00216724748291822	-0.0601972995493993	910000
"bg.wikiquote"	0.232879379330596	0.184934340538758	204000
"bg.wiktionary"	0.150461608913233	0.0973654594703104	573000
"it.wiktionary"	0.000784130364945869	-0.0616668614872451	3172000
"mk.wikipedia"	0.00744886744929473	-0.0545855783351243	2601000
"sv.wiktionary"	0.033346950352809	-0.0270688652501405	2156000
"eml.wikipedia"	0.130850319430629	0.0765284643950435	161000
"gl.wikipedia"	0.0816917927447514	0.0242975297912983	2938000
"ko.wiktionary"	0.0682380854635262	0.0100029658049966	1881000
"mzn.wikipedia"	0.00537476703436573	-0.0567893100259864	573000
"pt.wikiquote"	0.0120405289171646	-0.0497069380255126	684000
"pt.wikiversity"	0.109132625173042	0.0534534142463567	259000
"pt.wikivoyage"	0.30536917182437	0.261954745063393	142000
"simple.wiktionary"	0.00238361262573185	-0.0599674115851598	333000
"ta.wikipedia"	0.0260620504280389	-0.0348090714202087	3373000
"vec.wikipedia"	0.0393262716976835	-0.0207158363212112	546000
"zh.wiktionary"	0.0038966153970037	-0.0583598461406836	3463000
"be-x-old.wikipedia"	0.213506274468571	0.164350416622857	1299000
"be.wikipedia"	0.0575602722769554	-0.00134221070573481	2259000
"uk.wikipedia"	0.399729953856632	0.362213075972671	58020000
"bcl.wikipedia"	0.543041669807135	0.51448177417008	397000
"ceb.wikipedia"	0.0342586281654769	-0.0261002075741807	2403000
"cu.wikipedia"	0.011515762909925	-0.0502645019082046	69000
"es.wikinews"	0.111349014811094	0.0558083282367879	425000
"et.wikipedia"	0.0170235731071294	-0.044412453573675	5998000
"hif.wikipedia"	0.657134470873177	0.63570537530275	589000
"hu.wikinews"	0.252196439955879	0.205458717453121	25000
"ia.wikipedia"	0.0215498515630403	-0.0396032827142696	363000
"id.wikisource"	0.353316890674802	0.312899196341977	473000
"it.wikibooks"	0.0436998726323297	-0.0160688853281497	1136000
"it.wikinews"	0.179794043583264	0.128531171307218	285000
"ja.wiktionary"	0.0143405493333493	-0.0472631663333163	2106000
"pl.wikisource"	0.0123109821357783	-0.0494195814807354	980000
"ru.wikibooks"	0.00825293268028192	-0.0537312590272006	910000
"te.wikipedia"	0.169630737040855	0.117732658105909	1683000
"tt.wiktionary"	0.044380860875148	-0.0153453353201551	22000
"uz.wikipedia"	0.584680671356025	0.558723213315777	3868000
"yo.wikipedia"	0.0151139251129417	-0.0464414545674994	436000
"de.wikiquote"	0.0595915361222341	0.00081600712987373	898000
"de.wikivoyage"	0.0992431256171077	0.0429458209681769	2392000
"is.wikipedia"	0.0684101478144107	0.0101857820528114	1414000
"it.wikisource"	0.130624372321531	0.076288395591627	1216000
"ksh.wikipedia"	0.108428041922944	0.0527047945431283	820000
"lb.wikipedia"	0.0242597407184786	-0.0367240254866166	645000
"nap.wikipedia"	0.0250497903247871	-0.0358845977799136	240000
"sc.wikipedia"	0.443826893458758	0.40906607429993	214000
"ta.wikisource"	0.124959599523962	0.0702695744942098	77000
"af.wikipedia"	0.9068632919566	0.901042247703887	5678000
"arc.wikipedia"	0.00422406696895717	-0.058011928845483	157000
"az.wiktionary"	0.00728180996104366	-0.0547630769163912	56000
"bar.wikipedia"	0.0447314232414057	-0.0149728628060064	552000
"bat-smg.wikipedia"	0.000272079596236037	-0.0622109154289994	312000
"bi.wikipedia"	0.228492805225263	0.180273605551842	84000
"bo.wikipedia"	0.0668777133786479	0.00855757046481342	235000
"bug.wikipedia"	0.619749805248587	0.595984168076624	404000
"cdo.wikipedia"	0.42626422235452	0.390405736251677	794000
"co.wiktionary"	0.293499260111805	0.249342963868793	38000
"cs.wikibooks"	0.00243373292910185	-0.0599141587628294	88000
"cy.wikipedia"	0.0216253136756056	-0.0395231042196691	856000
"de.wikiversity"	0.553366890436208	0.525452321088471	321000
"diq.wikipedia"	0.0585698955838736	-0.000269485942134384	326000
"es.wikivoyage"	0.0443296517589222	-0.0153997450061452	207000
"ff.wikipedia"	0.00540470599863509	-0.0567574998764502	44000
"fy.wikipedia"	0.0729029697634315	0.014959405373646	710000
"gan.wikipedia"	0.330343126643744	0.288489572058978	333000
"gd.wikipedia"	0.247239438579647	0.200191903490875	732000
"gl.wiktionary"	0.000760349164736668	-0.0616921290124672	119000
"gn.wikipedia"	0.0707223973500699	0.0126425471844492	376000
"hak.wikipedia"	0.419836326534578	0.383576096942989	372000
"ig.wikipedia"	0.0485648824570539	-0.0108998123893804	170000
"io.wikipedia"	0.0760422884451103	0.0182949314729297	673000
"io.wiktionary"	0.143905848967763	0.0903999645282478	433000
"ja.wikibooks"	0.0985703411675088	0.042230987490478	1812000
"ja.wikinews"	0.12886856234963	0.0744228474964823	90000
"ka.wikipedia"	0.000429661022317544	-0.0620434851637877	4496000
"kk.wikipedia"	0.724938719250398	0.707747389203548	16277000
"kn.wikipedia"	0.0359486504425693	-0.0243045589047701	991000
"krc.wikipedia"	0.0821653882477731	0.0248007250132589	101000
"kv.wikipedia"	0.000458199020908849	-0.0620131635402843	99000
"li.wikipedia"	0.203827438935281	0.154066653868736	246000
"lmo.wikipedia"	0.000227418835539409	-0.0622583674872392	279000
"lv.wikipedia"	0.0109768348791471	-0.0508371129409062	3475000
"mg.wikipedia"	0.0636198110278251	0.00509604921706419	240000
"mn.wikipedia"	0.192563172817172	0.142098371118245	1370000
"ms.wiktionary"	0.0136030666150679	-0.0480467417214903	63000
"mt.wikipedia"	0.327164517458603	0.285112299799765	249000
"mwl.wikipedia"	0.146630899688233	0.0932953309187481	92000
"nds.wikipedia"	0.0738858939355961	0.0160037623065709	415000
"ne.wikipedia"	0.552495272122204	0.524526226629841	531000
"nso.wikipedia"	0.0324005625097658	-0.0280744023333739	95000
"pa.wikipedia"	0.0223845073406156	-0.0387164609505959	498000
"pcd.wikipedia"	0.012008948414617	-0.0497404923094695	2e+05
"pms.wikipedia"	0.00182066527330813	-0.0605655431471102	320000
"pnb.wikipedia"	0.0822007122285271	0.02483825674281	398000
"qu.wikipedia"	0.0346146096116306	-0.0257219772876425	412000
"ru.wikinews"	0.0841975413044554	0.0269598876359838	215000
"rw.wikipedia"	0.30264827988186	0.259063797374476	172000
"sah.wikipedia"	0.032616728679671	-0.0278447257778496	280000
"scn.wikipedia"	0.153310677558065	0.100392594905444	572000
"sco.wikipedia"	0.478252999951941	0.445643812448937	643000
"se.wikipedia"	0.00307988748006996	-0.0592276195524257	262000
"simple.wikiquote"	0.0329555032257735	-0.0274847778226157	77000
"su.wikipedia"	0.159075320769504	0.106517528317598	4930000
"sw.wikipedia"	0.15786906198905	0.105235878363366	1273000
"tet.wikipedia"	0.400245927661496	0.36276129814034	122000
"th.wiktionary"	0.0405420214743986	-0.0194241021834514	270000
"tl.wikipedia"	0.283068183374571	0.238259944835481	5699000
"tn.wikipedia"	0.443035883465554	0.408225626182152	58000
"tr.wiktionary"	0.0803904564022354	0.0229148599273751	1240000
"tt.wikipedia"	0.205396922634703	0.155734230299372	795000
"ug.wikipedia"	0.177833951878684	0.126448573871101	251000
"vi.wikisource"	0.0361030344956267	-0.0241405258483964	727000
"vls.wikipedia"	0.366198470722809	0.326585875142985	369000
"vo.wikipedia"	0.00239692042235638	-0.0599532720512463	906000
"war.wikipedia"	0.245164379348146	0.197987153057405	2857000
"wuu.wikipedia"	0.168705963984645	0.116750086733686	257000
"xmf.wikipedia"	0.00833760865744881	-0.0536412908014607	197000
"za.wikipedia"	0.353385753586504	0.31297236318566	115000
"zh-classical.wikipedia"	0.000694224275810182	-0.0617623867069517	289000
"zh-min-nan.wikipedia"	0.167426802821867	0.115390977998234	326000
"zh.wikibooks"	0.328291114668248	0.286309309335013	240000
"zh.wikiquote"	0.535618517928844	0.506594675299396	477000
"cs.wikiquote"	0.0112591578588157	-0.0505371447750083	219000
"cs.wikisource"	0.0360210803252785	-0.0242276021543917	169000
"cs.wikiversity"	0.0191091710681392	-0.0421965057401021	102000
"cs.wiktionary"	0.00732990532405695	-0.0547119755931895	704000
"jv.wikipedia"	0.00202241786380604	-0.0603511810197059	1225000
"kg.wikipedia"	0.0215291602006458	-0.0396252672868138	56000
"kw.wikipedia"	0.169828341309006	0.117942612640819	120000
"lij.wikipedia"	0.000708906129485962	-0.0617467872374211	141000
"tg.wikipedia"	0.00741358619967951	-0.0546230646628405	476000
"ace.wikipedia"	0.270421992081327	0.22482336658641	1227000
"ar.wikiquote"	0.00523414958825485	-0.0569387160624792	207000
"ba.wikipedia"	0.0063030458177422	-0.0558030138186489	497000
"bpy.wikipedia"	0.000158461481382349	-0.0623316346760312	582000
"br.wiktionary"	0.0271449631380655	-0.0336584766658055	63000
"ca.wikiquote"	0.00403666723020175	-0.0582110410679106	203000
"ca.wiktionary"	0.0512458223945237	-0.00805131370581869	328000
"ce.wikipedia"	0.10098440025535	0.0447959252713089	282000
"ckb.wikipedia"	0.164198243827858	0.1119606340671	496000
"crh.wikipedia"	0.140589040313175	0.0868758553327487	135000
"cs.wikinews"	0.00163843841218269	-0.060759159187056	34000
"cv.wikipedia"	0.0545980821969734	-0.00448953766571569	257000
"cy.wiktionary"	0.0394085176644756	-0.0206284499814946	79000
"da.wikiquote"	0.2246869003499	0.176229831621769	64000
"da.wiktionary"	0.0221532445329059	-0.0389621776837874	150000
"dv.wikipedia"	0.187250900374961	0.136454081648396	179000
"el.wikisource"	0.0175151094311175	-0.0438901962294376	142000
"el.wikiversity"	0.0453263636598102	-0.0143407386114516	109000
"eo.wiktionary"	0.00218440381871373	-0.0601790709426167	99000
"et.wiktionary"	0.196789704235668	0.146589060750397	241000
"fi.wikisource"	0.0605497682221091	0.00183412873599098	76000
"fi.wiktionary"	0.00191138587567998	-0.06046915250709	1227000
"fiu-vro.wikipedia"	6.59107787842786e-06	-0.0624929969797541	167000
"fo.wikipedia"	0.116030857422133	0.0607827860110162	293000
"fr.wikinews"	0.107454559745019	0.0516704697290823	223000
"fy.wiktionary"	0.0550420141112815	-0.0040178600067633	28000
"ga.wikipedia"	0.044692099087916	-0.0150146447190893	686000
"glk.wikipedia"	0.0233253866671212	-0.0377167766661837	109000
"gv.wikipedia"	0.0623409330862841	0.00373724140417686	320000
"he.wikibooks"	7.11868229515033e-05	-0.0624243640006141	382000
"he.wikiquote"	0.231205030292042	0.183155344685295	218000
"he.wikisource"	0.123103256010183	0.0682972095108189	796000
"he.wiktionary"	0.291837396261194	0.247577233527519	460000
"hr.wikiquote"	0.345287271263155	0.304367725717102	63000
"hr.wiktionary"	0.00576581800009901	-0.0563738183748947	149000
"ht.wikipedia"	0.0400140628870858	-0.0199850581824714	699000
"hu.wikibooks"	0.337624965640569	0.296226525993105	165000
"hu.wikisource"	0.00867127398145243	-0.0532867713947067	77000
"id.wiktionary"	0.238806083522464	0.191231463742618	804000
"ilo.wikipedia"	0.0418533723520222	-0.0180307918759763	464000
"ja.wikiquote"	0.0102645655066886	-0.0515938991491434	219000
"ja.wikisource"	0.222165221960536	0.173550548333069	236000
"ja.wikiversity"	0.00200399918806561	-0.0603707508626803	41000
"ka.wikiquote"	0.0556667356750167	-0.00335409334529468	67000
"ka.wiktionary"	0.155684217796334	0.102914481408605	40000
"kk.wikibooks"	0.0293933944122479	-0.0312695184369867	1e+05
"kk.wiktionary"	0.0453849899842053	-0.0142784481417817	27000
"kl.wikipedia"	0.136870695528928	0.0829251139994855	131000
"kn.wiktionary"	0.115993637857401	0.0607432402234884	113000
"ko.wikiquote"	0.00917278079982069	-0.0527539204001906	74000
"ko.wikiversity"	0.0833630206583299	0.0260732094494756	22000
"la.wiktionary"	0.00969374019192766	-0.0522004010460768	177000
"li.wiktionary"	0.00127777829042236	-0.0611423605664261	106000
"lt.wiktionary"	0.204040762761416	0.154293310434004	360000
"mg.wiktionary"	0.147640801527261	0.0943683516227148	532000
"mhr.wikipedia"	0.0283390163924976	-0.0323897950829712	175000
"min.wikipedia"	0.0260440814232688	-0.034828163487777	310000
"ms.wikibooks"	0.0634302271632915	0.00489461636099719	39000
"my.wiktionary"	0.000224895717628396	-0.0622610483000199	96000
"nds-nl.wikipedia"	0.00974757684153666	-0.0521431996058672	336000
"new.wikipedia"	0.0303222910851564	-0.0302825657220214	262000
"nl.wikisource"	0.10558590284814	0.0496850217761489	67000
"nl.wikivoyage"	0.00539385934563027	-0.0567690244452679	122000
"no.wiktionary"	0.0297865697607359	-0.0308517696292181	319000
"nv.wikipedia"	0.0505933977082806	-0.00874451493495187	134000
"os.wikipedia"	0.0760166360594327	0.0182676758131471	260000
"pi.wikipedia"	0.115455827317665	0.0601718165250188	83000
"pl.wikinews"	0.0114379836319442	-0.0503471423910593	338000
"pl.wikiquote"	0.0911078379896122	0.034302077863963	2209000
"pt.wikinews"	0.000402984524621237	-0.0620718289425899	272000
"ro.wikisource"	0.114757734496879	0.0594300929029339	313000
"rue.wikipedia"	0.252542452891246	0.205826356196949	218000
"scn.wiktionary"	0.000836449332285937	-0.0616112725844462	96000
"si.wikipedia"	0.0934712325929602	0.0368131846300203	482000
"sk.wikiquote"	0.15295790480794	0.100017773858436	232000
"sl.wikisource"	0.0158134784628027	-0.0456981791332722	187000
"sl.wiktionary"	0.0875736111305352	0.0305469618261937	53000
"sq.wikibooks"	0.257497258285648	0.211090836928501	78000
"sr.wikinews"	0.1464285721148	0.0930803578719749	70000
"stq.wikipedia"	0.000275858354014199	-0.0622069004988599	188000
"sw.wiktionary"	0.562743154372856	0.53541460152116	84000
"ta.wiktionary"	0.00850924981608524	-0.0534589220704094	351000
"te.wiktionary"	0.0339108227431007	-0.0264697508354554	165000
"tk.wikipedia"	0.00077758957416314	-0.0616738110774515	280000
"tr.wikibooks"	0.146502993069877	0.0931594301367444	160000
"uk.wikiquote"	0.293907301440961	0.249776507781021	146000
"vi.wiktionary"	0.0404205133836431	-0.0195532045298792	1581000
"wa.wiktionary"	0.0111338583525847	-0.0506702755003787	22000
"xal.wikipedia"	0.27710274116105	0.231921662483616	162000
"yi.wikipedia"	0.182333047065719	0.131228862507326	451000
"zh.wikinews"	0.206115360728161	0.156497570773672	504000
"da.wikibooks"	0.0225271729480836	-0.0385648787426611	49000
"da.wikisource"	0.320305184020704	0.277824258021998	78000
"ku.wikipedia"	0.0152488335921507	-0.0462981143083399	1055000
"no.wikiquote"	0.000381584624584618	-0.0620945663363788	43000
"ar.wikibooks"	0.132903983620844	0.0787104825971469	272000
"ar.wikiversity"	0.00248938926636801	-0.0598550239044839	88000
"et.wikiquote"	0.00526364796547135	-0.0569073740366868	37000
"ar.wiktionary"	4.85754456696851e-05	-0.0624483885889759	225000
"ca.wikisource"	0.031824839118481	-0.0286861084366139	128000
"it.wikiversity"	0.0508558343213826	-0.00846567603353088	379000
"lad.wikipedia"	0.00585111299088525	-0.0562831924471845	141000
"nah.wikipedia"	0.0922391328666352	0.0355040786707999	261000
"tr.wikiquote"	0.0264481297948089	-0.0343988620930156	827000
"ky.wikipedia"	0.21808678099365	0.169217204805753	597000
"so.wikipedia"	0.223796167783093	0.175283428269536	431000
"fi.wikibooks"	0.0564712189856267	-0.00249932982777157	175000
"fi.wikiquote"	0.109791225540865	0.0541531771371693	131000
"an.wiktionary"	0.0740761005502752	0.0162058568346675	24000
"fr.wikivoyage"	0.00153239993144157	-0.0608718250728433	281000
"hu.wikiquote"	0.00282661705027901	-0.0594967193840785	175000
"hu.wiktionary"	0.0674012888614072	0.00911386941524517	581000
"id.wikiquote"	0.338869791019772	0.297549152958508	340000
"it.wikivoyage"	0.365838209023447	0.326203097087412	473000
"jbo.wikipedia"	0.0881342044818552	0.0311425922619711	89000
"pl.wikivoyage"	0.342036628772522	0.300913918070805	170000
"tr.wikisource"	0.245265125598053	0.198094195947931	191000
"vi.wikiquote"	0.00173390350325377	-0.0606577275277929	293000
"av.wikipedia"	0.00224237880545348	-0.0601174725192055	186000
"dsb.wikipedia"	0.000383572505273843	-0.0620924542131465	154000
"ko.wikinews"	0.0164080315236049	-0.0450664665061697	27000
"sa.wikipedia"	0.37933675473733	0.340545301908413	367000
"wo.wikipedia"	0.0225070293549628	-0.0385862813103521	85000
"el.wikibooks"	0.0372833166848201	-0.0228864760223786	56000
"el.wikiquote"	0.142499133855766	0.0889053297217511	190000
"id.wikibooks"	0.22580277611608	0.177415449623335	1735000
"jv.wiktionary"	0.0620502933844054	0.00342843672093074	39000
"map-bms.wikipedia"	0.0645286661506271	0.00606170778504134	363000
"he.wikivoyage"	0.00102676493331372	-0.0614090622583541	58000
"ie.wikipedia"	0.11455012943678	0.0592095125265786	104000
"af.wiktionary"	0.0218317084596052	-0.0393038097616694	109000
"as.wikipedia"	0.318794698952121	0.276219367636629	501000
"hi.wikibooks"	0.438328522211661	0.40322405484989	50000
"ml.wikisource"	0.020062734181173	-0.0411833449325036	144000
"mr.wikipedia"	0.00354762499177787	-0.058730648446236	2061000
"sa.wiktionary"	8.35979052222585e-06	-0.06249111772257	30000
"sr.wikisource"	0.0553136574448246	-0.00372923896487376	150000
"fa.wiktionary"	0.0458523699619687	-0.0137818569154082	169000
"is.wikibooks"	0.0349261904062381	-0.025390922693372	21000
"is.wiktionary"	0.0731888782194319	0.0152631831081463	131000
"la.wikisource"	0.0547493366760719	-0.0043288297816737	1e+05
"ar.wikinews"	0.0261649741798226	-0.0346997149339385	41000
"ko.wikibooks"	0.00994191411107811	-0.0519367162569795	74000
"kbd.wikipedia"	0.238977839429104	0.191413954393423	68000
"zea.wikipedia"	0.0562513991493172	-0.00273288840385044	139000
"lo.wikipedia"	0.0266351435992681	-0.0342001599257777	151000
"lt.wikiquote"	0.00134109537246464	-0.0610750861667564	80000
"ru.wikiversity"	0.0419975468895318	-0.0178776064298725	347000
"zu.wikipedia"	0.00312536265390475	-0.0591793021802263	81000
"ab.wikipedia"	0.580298736784827	0.554067407833879	296000
"chr.wikipedia"	0.0123686190034152	-0.0493583423088715	98000
"csb.wikipedia"	0.00360217747963603	-0.0586726864278868	247000
"fur.wikipedia"	0.164000004769504	0.111750005067598	391000
"hsb.wikipedia"	0.000186571218323796	-0.0623017680805309	1100000
"kaa.wikipedia"	0.00433269874209159	-0.0578965075865276	83000
"ln.wikipedia"	0.0774395220879365	0.0197794922184324	110000
"mrj.wikipedia"	0.065461265685457	0.00705259479079801	103000
"ps.wikipedia"	0.0271849019783729	-0.0336160416479789	221000
"kab.wikipedia"	0.287051882598183	0.242492625260569	105000
"mdf.wikipedia"	0.0613131972850781	0.00264527211539545	67000
"ha.wikipedia"	0.311390219831307	0.268352108570763	98000
"pnt.wikipedia"	0.12488822295475	0.0701937368894218	83000
"sv.wikisource"	0.0748627534816109	0.0170416755742115	171000
"tl.wikibooks"	0.67233320546215	0.651854030803534	291000
"gag.wikipedia"	0.103742886200632	0.0477268165881714	230000
"nl.wikiquote"	0.0881298489617909	0.0311379645219028	152000
"pl.wikibooks"	0.197513939142259	0.147358560338651	1265000
"ru.wikivoyage"	0.305093519642791	0.261661864620465	212000
"szl.wikipedia"	0.0247074313334936	-0.0362483542081631	198000
"ta.wikinews"	0.0176901852206782	-0.0437041782030294	26000
"tl.wiktionary"	0.460375832889626	0.426649322445228	76000
"ro.wiktionary"	0.0909519005012764	0.0341363942826061	298000
"sr.wikiquote"	0.00752881057821414	-0.0545006387606475	47000
"ast.wiktionary"	0.0599822385386465	0.00123112844731199	59000
"az.wikibooks"	5.68296830955728e-05	-0.0624396184617109	46000
"eu.wiktionary"	0.0592388648304294	0.000441293882331273	105000
"hi.wiktionary"	0.0875517067294075	0.0305236883999954	132000
"uk.wiktionary"	0.114551125959598	0.0592105713320724	321000
"sv.wikibooks"	0.0537091920075039	-0.00543398349202717	122000
"sv.wikiquote"	0.0774692605267627	0.0198110893096854	78000
"ay.wikipedia"	0.00978199072692449	-0.0521066348526427	193000
"lbe.wikipedia"	0.030562627410634	-0.0300272083762014	68000
"th.wikibooks"	0.347324114855252	0.306531872033705	211000
"th.wikisource"	0.00583882663244625	-0.0562962467030259	213000
"bh.wikipedia"	0.109574772308343	0.0539231955776146	227000
"bjn.wikipedia"	0.0253864806522397	-0.0355268643069953	210000
"bxr.wikipedia"	0.568266588918346	0.541283250725743	249000
"chy.wikipedia"	0.110644516519432	0.0550597988018969	39000
"co.wikipedia"	0.113532993505567	0.058128805599665	537000
"eu.wikiquote"	0.16556584820303	0.113413713715719	28000
"ext.wikipedia"	0.0694061824189227	0.0112440688201054	142000
"frp.wikipedia"	0.00551082148165273	-0.0566447521757441	752000
"frr.wikipedia"	0.00019323565914445	-0.062294687112159	235000
"ga.wiktionary"	0.0712721810774313	0.0132266923947707	24000
"haw.wikipedia"	0.062498663901422	0.00390483039526091	119000
"hi.wikiquote"	0.206178283056115	0.156564425747123	27000
"ik.wikipedia"	0.0588530352401803	3.13499426916053e-05	55000
"iu.wikipedia"	0.0295077365706467	-0.0311480298936879	66000
"koi.wikipedia"	0.246765661622069	0.199688515473449	69000
"ks.wikipedia"	0.00522837153174801	-0.0569448552475178	38000
"mi.wikipedia"	0.0465701162594165	-0.0130192514743701	142000
"nds.wiktionary"	0.0455869807263137	-0.0140638329782916	30000
"nov.wikipedia"	0.140028244746156	0.086280010042791	164000
"or.wikipedia"	0.489386932324309	0.457473615594578	423000
"pag.wikipedia"	0.00434007955092307	-0.0578886654771442	93000
"pap.wikipedia"	0.008098828037254	-0.0538949952104175	95000
"pdc.wikipedia"	0.0131851020486185	-0.048490829073343	654000
"pfl.wikipedia"	0.0180494102963809	-0.0433225015600953	122000
"pih.wikipedia"	0.0977578084978408	0.0413676715289558	70000
"rmy.wikipedia"	0.0949910999398556	0.0384280436860965	77000
"roa-tara.wikipedia"	0.131621399600451	0.077347737075479	313000
"simple.wikibooks"	0.223989318196117	0.175488650583375	30000
"sk.wikibooks"	0.00631188452112714	-0.0557936226963023	39000
"sk.wikisource"	0.759137178704176	0.744083252373187	65000
"sl.wikiquote"	0.0225956428370003	-0.0384921294856873	52000
"sn.wikipedia"	0.0148824213900264	-0.0466874272730968	117000
"sq.wiktionary"	0.213164660511862	0.163987451793853	70000
"ss.wikipedia"	0.135522838127184	0.0814930155101329	73000
"st.wikipedia"	0.219358516210091	0.170568423473221	56000
"sv.wikivoyage"	0.0450467148347746	-0.0146378654880519	27000
"tpi.wikipedia"	0.0367515385737025	-0.023451490265441	173000
"ts.wikipedia"	0.0344974021876991	-0.0258465101755696	46000
"vi.wikibooks"	0.508062101049556	0.477315982365153	255000
"xh.wikipedia"	0.145789428333445	0.0924012676042854	69000
"sr.wiktionary"	0.11636907302695	0.0611421400911341	52000
"ur.wiktionary"	0.0354840728456098	-0.0247981726015396	37000
"lez.wikipedia"	0.495648338919319	0.464126360101776	127000
"na.wikipedia"	0.494474075730975	0.462878705464161	82000
"chr.wiktionary"	0.0889223329611416	0.0319799787712129	67000
"fa.wikibooks"	0.00588902701379178	-0.0562429087978462	129000
"vec.wikisource"	0.0577253362668512	-0.00116683021647068	32000
"uk.wikisource"	0.0518972530701775	-0.0073591686129364	84000
"th.wikiquote"	0.0122437080944513	-0.0494910601496454	43000
"fj.wiktionary"	0.101644688101941	0.0454974811083124	40000
"ti.wikipedia"	0.0313517720455648	-0.0291887422015875	61000
"uk.wikivoyage"	0.0420581538101435	-0.0178132115767227	32000
"eo.wikiquote"	0.0209533898500587	-0.0402370232843126	31000
"nah.wiktionary"	0.0720933896724417	0.0140992265269693	23000
"ro.wikiquote"	0.181617085011014	0.130468152824202	36000
"mr.wikibooks"	0.00602365287267871	-0.056099868822779	22000
"vi.wikivoyage"	0.454212098868786	0.412228414166385	208000
"zh.wikivoyage"	0.315269190302982	0.229677839090855	66000
"fa.wikivoyage"	0	0	47000
